order_id;item_id_1;item_id_2;item_id_3
314631735;2655227;9051607;
802224752;1984910;4286301;
716057036;2669985;1052038;
125731133;5966397;;
012070864;6788106;9643817;
069168688;4652599;;
349822925;2940993;;
533840397;4355722;7447126;
276378201;9038883;;
992087353;5168890;;
059848447;4738768;7015458;2655227
728369281;7642810;;
661700248;7499242;;
940457741;2050490;4024048;
062665057;3824444;2469513;
941676353;2350739;4024048;
137806540;4169115;7798292;8948103
409793337;9897093;;
965696902;1005647;;
636817254;6615435;4550408;
220279443;6612196;;
234153745;6612196;;
733721300;1115180;7482912;
114658345;9897093;;
167167599;3872004;;
371996428;3074428;;
355625242;6341777;;
289416930;3872004;;
750643148;3359087;;
101796963;1984910;;
691677623;1816982;;
183928333;1476431;;
139060089;2448933;;
495956372;2050490;2921053;
784100099;2469513;;
239177076;2310611;;
696319028;9022757;7798292;
221618103;2921053;;
301324113;7015458;1816982;
304233908;52730;;
314463619;4963933;8266482;
619474069;7542300;;
974388339;4118332;;
819834158;2350739;8948103;
455775748;7451202;2077835;
474387543;3837015;;
438711347;2189238;;
322148709;4175443;;
758464627;5894933;;
625835635;5846757;;
781220599;4665775;;
685529273;1866996;8368010;
039263042;552870;;
290834590;9897093;9813052;
064222465;5168890;;
572587923;4447776;;
862385813;6341777;;
696615835;9989669;;
186971429;7788837;;
119442583;996505;;
394254092;2940993;;
524364601;9051607;;
818179895;2050490;9780720;
313385272;2350739;;
560155361;3510998;;
038234896;7657964;;
985657176;7243800;;
066862375;3824444;;
146921455;552870;;
127846149;8948103;;
565429192;2077835;;
804937231;9780720;4652599;
590385361;2247054;7243800;
698466436;684194;;
145483675;6159884;;
620561404;3359087;;
298143081;6837984;;
231672814;2189238;;
187095234;9051607;;
323183368;4666241;;
550161082;2448933;2883136;
899296080;7015458;7838989;
208565520;684194;;
070805663;2469513;;
937004465;5572295;9813052;
272663771;2247054;;
062991533;3510998;;
852730828;1554376;4447776;2502612
267697790;3109031;;
842140195;2565383;;
176390757;3872004;;
654576488;2469513;1984910;
155314320;3824444;4963933;
354494585;2553659;5007446;7706124
217474874;8368010;;
754057190;5168890;2310611;
216985188;1809300;;
008769369;4355722;;
416819315;1115180;;
186147559;2448933;2247054;
667500506;1971413;;
152428796;7499242;4665775;2247054
483706401;9710873;5894933;
961489748;6159884;5894933;
290640169;2921053;;
451656650;4024048;;
485291452;7086540;9051607;4738768
769485873;1115180;;
740221168;4286301;;
713649943;1866996;;
582735070;2696692;;
816623986;2189238;2310611;
978923095;9710873;7243800;
986690604;52730;2469513;
617099110;52730;;
949057911;7838989;;
989915831;2940993;;
322159649;2696692;;
193874616;9989669;;
134529505;7788837;;
498301989;6612196;;
610394049;5846757;7015458;
811248174;6960602;;
274241942;7243800;;
635540782;1476431;4169115;
234929891;4169115;8368010;
728173557;7798292;;
586605642;4118332;1971413;
912285378;7015458;;
031526045;152614;;
134793598;6837984;;
440193530;7250913;;
814351031;3359087;4447776;
891241663;5168890;6730346;331250
711779393;7451202;;
437777858;8948103;;
966000452;984300;;
293004521;2502612;;
414779964;6730346;;
881064318;4447776;;
131697322;4286301;;
184541022;9024473;;
552872662;5792300;;
335496505;4665775;6615435;
004134505;331250;2940993;7499242
280122357;2773385;2448933;
282332988;7086540;;
190330221;3074428;4963933;8266482
222485253;6788106;2553659;7451202
895676481;3824444;;
748275460;2696692;;
212665927;3837015;5168890;
786989048;9873648;984300;4665775
803854424;2242676;;
574250885;2553659;;
995877567;4169115;7798292;9051607
847628280;2310611;;
733758803;7798292;;
593622578;6612196;1984910;
186041705;9780720;6615435;
199320615;5695397;3510998;
219720145;4557671;;
610263998;331250;4024048;
512659217;5846757;9022757;
650197997;2655227;9024473;
524265840;6788106;;
004009347;1816982;;
133747412;5792300;;
324899930;4447776;;
762401003;2773385;1809300;
998024676;2469513;534353;
083983981;7243800;;
325034963;3074428;;
345927339;6612196;;
626712503;9873648;5007446;
176201784;5846757;;
323676734;2448933;4118332;
434274000;4557671;;
904732513;4024048;;
850465618;7086540;152614;4024048
639826421;8948103;;
336359910;3942349;;
273624447;8368010;4286301;
044876282;984300;;
598126933;6960602;4118332;8250741
636019155;2050490;;
771576136;5695397;;
951455559;6837984;3510998;
583484601;4024048;;
143114063;9710873;1809300;
175105276;3109031;;
990151639;1052038;;
688829601;331250;;
399200717;7447126;;
761474291;7788837;;
120925689;2669985;;
521825284;7015458;;
154524280;5168890;;
954405126;8266482;1052038;
914487650;7451202;2448933;
797412184;7086540;;
952087695;2883136;;
223216353;3824444;;
064618455;152614;;
163614704;2696692;;
534650188;1115180;3510998;
503212700;2921053;;
423454662;9024473;;
792436969;6159884;;
500186153;4665775;;
763225329;3109031;2247054;
707118636;2940993;4738768;7499242
159316094;2050490;;
410778407;6159884;;
056787706;2469513;;
018843536;9780720;3359087;552870
004932443;6960602;;
334015668;1115421;;
582316120;5792300;3872004;
526872746;6159884;;
665889305;3074428;9813052;
398147083;1005647;5007446;3824444
503307482;5007446;7798292;
583370449;7642810;;
535935118;4550408;;
100652557;5541214;;
581715561;4738768;;
878199876;2502612;9038883;
798792620;7642810;2448933;
371314640;9989669;;
402473034;6341777;2310611;
518172483;8266482;;
699202854;5894933;;
433857118;2310611;2502612;
871453008;7499242;;
664983326;3359087;;
961304710;552870;4557671;
580807278;9710873;4355722;7482912
896310080;4447776;;
514199529;331250;;
291279345;1476431;;
537711043;2350739;;
297149539;5007446;;
015996294;6159884;;
500613728;5695397;;
745316543;9038883;;
094611938;2050490;;
084091262;984300;;
289009826;7499242;4024048;
335375805;8250741;;
708034559;1971413;;
547278793;5966397;534353;
172191495;9813052;9710873;2469513
898930388;4557671;7447126;
897926866;5801454;2310611;8368010
247908736;4963933;;
704553928;9989669;2310611;
482132740;9038883;;
824717594;9088441;;
867380008;6788106;;
008526443;5894933;;
803988272;7086540;2448933;
392965226;9873648;;
603009445;2921053;;
239777344;5541214;4355722;
683523159;7706124;;
006730314;7788837;;
497718097;9710873;;
068154632;9873648;6730346;
232896515;5801454;;
687895373;9813052;;
415964815;2940993;;
997259290;2883136;;
051730743;152614;;
829300815;6341777;4447776;
470747797;7086540;7482912;7243800
053384937;3872004;2773385;4665775
315110136;4447776;;
941865653;3837015;;
183552496;4738768;;
897041258;6612196;5695397;
071743715;5572295;;
500025439;9873648;6960602;
609732508;4738768;6960602;2773385
381977237;9897093;;
918913864;6341777;2921053;
790243056;9643817;6960602;4447776
179262699;8266482;;
686785833;4355722;;
926060929;7542300;;
458854310;2247054;;
594664168;7706124;;
599980884;7243800;;
231074328;9989669;;
581569727;5846757;;
831644238;6837984;;
861495808;8368010;;
931487329;2655227;;
586142642;5168890;9710873;
194641417;2189238;;
982722916;1115180;;
158256453;9022757;2050490;
689710494;2696692;;
893192482;5572295;;
722317103;7838989;;
114066717;4118332;;
231702909;5846757;9989669;
220812565;9024473;;
497797093;4175443;;
081502497;3837015;;
897553862;4447776;;
471303783;3510998;2669985;
124212084;2696692;;
782542057;7542300;;
507768098;8463221;;
344434501;9813052;;
184889390;2242676;7015458;
366594347;2077835;;
139706362;9088441;1476431;
969489241;4557671;;
422163793;9051607;;
716152221;5695397;;
775635188;1115421;;
993046116;7447126;;
513581028;8368010;4447776;
561986480;5168890;;
629720954;6341777;;
289676168;2669985;;
386368483;4652599;4447776;
962435384;7451202;;
920415236;7447126;;
585127202;3109031;2502612;
354450669;2773385;9051607;
199383304;4550408;4286301;3359087
822245545;4447776;4963933;1971413
253670922;2050490;;
830361357;4024048;;
502770582;3109031;2242676;
768616846;2921053;;
539199004;8368010;;
583563418;4963933;4447776;7657964
637218756;1476431;;
015058145;4963933;;
649236242;7243800;;
380808058;2247054;552870;
366241704;6612196;;
132605815;7706124;;
209146738;984300;;
121324533;5572295;4652599;
169914327;6159884;;
643368945;331250;;
543886087;3074428;9989669;
501124888;7642810;8463221;
267659786;1866996;2565383;
867058703;3109031;4738768;
256867395;1005647;;
544189933;7542300;;
088448784;7086540;6159884;
946368079;9038883;;
345981829;1816982;;
816235448;4557671;;
589273416;7250913;;
759483350;2247054;;
030261559;5695397;;
154794159;5168890;;
310110278;2247054;7015458;
133430241;6960602;;
935081843;4355722;4447776;
321271433;4175443;;
037382893;7542300;;
249284855;9051607;;
955609101;9022757;4355722;
049172188;1115421;;
986668226;6159884;4447776;
440388267;2050490;;
942738431;9897093;3074428;
187532283;5792300;;
863297936;2448933;;
409266682;52730;2350739;
763695969;1115180;2077835;
135405088;4169115;3109031;
955475481;7250913;;
185651808;4550408;;
440853891;1554376;2310611;
680833155;7015458;1984910;5966397
068980614;9813052;;
846592827;1866996;9813052;
722642519;9024473;8250741;
708146699;6159884;;
207280929;534353;;
110772744;4118332;;
105132724;7447126;;
952506191;4738768;;
377966650;6612196;;
153248835;2565383;6159884;
192526942;2448933;4550408;
452752362;2883136;4118332;
803112613;5792300;;
808047144;6730346;;
458473237;2247054;6159884;
921140414;9897093;8368010;9780720
126185032;6159884;;
716651747;6730346;;
612394115;1984910;;
075662368;3872004;;
335928292;3942349;7838989;
106838105;4666241;;
927412739;6960602;;
509336918;4665775;1115180;
127912800;9024473;7706124;2350739
626848390;4355722;4175443;
087080711;9088441;;
887173287;2655227;;
329732099;6837984;;
307309255;2350739;5792300;
584047486;6341777;;
161717673;9088441;;
203471876;7447126;;
419612334;2565383;5168890;7015458
100652927;2669985;;
286658143;5572295;;
065540351;2050490;;
287958604;8463221;;
381069412;3359087;;
248576554;9643817;3837015;6960602
026166697;4118332;2310611;
379504287;9088441;2553659;
263721013;5846757;;
290180487;2077835;8368010;8463221
009078801;2247054;;
132510239;2350739;2469513;
133366330;2077835;1816982;
271470964;4118332;;
883773605;552870;;
965236490;2077835;5966397;52730
124187320;9022757;;
600389375;7451202;;
501108605;4550408;2310611;
091782031;4024048;;
811420468;9780720;;
019549330;7086540;;
819256703;7788837;;
224374935;52730;;
807054694;9024473;8368010;
617896701;331250;;
179439026;8368010;;
883548777;4652599;9989669;
526538368;2553659;;
474637735;2655227;3074428;
221203458;5007446;;
241552433;7451202;;
745281050;5801454;;
440549351;52730;;
836747790;4175443;;
075043628;8463221;;
169134399;4666241;;
773297663;5801454;;
528069357;7482912;7706124;
047621447;52730;;
093627916;7642810;;
443425416;3074428;8463221;7788837
036870827;1115180;;
107009450;7482912;;
537582580;4175443;;
136283434;2883136;;
832470689;5846757;5846757;
641856875;996505;7250913;
978182565;3074428;5894933;
548244608;1984910;;
459889017;4652599;;
863825321;6615435;;
941255677;331250;2921053;7015458
672779057;7015458;;
561774104;4666241;;
377558824;3837015;;
588499929;1554376;;
418317004;9813052;;
397611241;4286301;;
277857526;4175443;;
179148558;7482912;;
631468059;684194;;
639253516;2242676;;
250468343;5168890;7250913;
674223116;4738768;;
175575147;5792300;;
037462217;2189238;;
961685079;2189238;;
116482342;4963933;;
788120165;5572295;;
672335752;4738768;;
925320139;2050490;;
368743069;1554376;;
727987136;7015458;;
667487294;4175443;9643817;6730346
993929561;152614;;
719996443;4355722;;
422892422;4557671;5695397;
404189407;7788837;;
427107393;2553659;;
250102574;2242676;;
383077759;2696692;;
573523723;3074428;;
334583035;1115421;4665775;6612196
384947300;3872004;;
756863032;2448933;;
604038956;7706124;;
646721769;2247054;2310611;1476431
508948532;2655227;;
991971052;7447126;8463221;
816171202;4169115;2940993;
306358273;2773385;;
230543286;3510998;;
173827564;4738768;5846757;
354333364;3942349;;
995031179;7451202;;
058928416;2773385;2669985;
092832165;4652599;1115421;
157087695;5894933;;
832192663;9780720;;
818473653;6615435;;
915988214;4355722;;
571735118;1809300;;
607589671;6960602;;
915953602;9038883;684194;152614
139782967;5792300;;
762925279;9051607;1809300;
950007580;1971413;4652599;1476431
673255586;152614;;
238629864;9710873;;
085099467;5168890;7499242;
413546051;4550408;9038883;6837984
565462367;4666241;;
381676522;9038883;;
735229555;9897093;3872004;4118332
564355608;9710873;1005647;
629004779;3824444;;
242078715;9024473;;
056614710;8463221;;
429150275;6159884;;
156440857;4557671;;
372446754;1115421;3872004;
569183282;8266482;6788106;6612196
808517899;1052038;4286301;
693478763;9780720;4355722;7243800
462179232;9897093;;
703226754;2883136;534353;
132831965;6730346;;
595531902;8250741;;
262372850;2669985;;
598539934;5007446;7451202;
968695113;2655227;;
773177352;2502612;1554376;
781510929;7451202;9873648;8948103
765035951;4666241;;
215362086;2469513;;
738048688;1115180;;
138164058;4652599;;
506162372;3837015;6730346;
906419460;2773385;;
687853217;3837015;9897093;534353
930783726;1052038;;
020704526;2921053;;
235412629;8368010;;
802136867;4286301;;
007643295;7706124;;
910050055;2448933;1115421;
258761950;4666241;5846757;
980690566;2502612;;
100299936;9643817;;
805380737;4963933;;
906634020;7642810;;
472496029;7451202;3942349;
364274815;7642810;6159884;9024473
608143588;9897093;;
235298647;1809300;;
636664884;7706124;;
519970462;4169115;;
064552925;5007446;;
290574201;4118332;;
209430374;9897093;;
855134362;1984910;7657964;1476431
714889711;2921053;3510998;
038625724;1971413;2247054;9780720
570139361;5541214;;
482527929;4665775;;
115545181;5168890;1809300;7838989
131703972;8948103;;
059323240;2773385;;
088030656;2553659;;
858496958;2655227;9022757;
759011230;7447126;;
272784707;4557671;3824444;
568390542;7243800;;
301505696;4963933;;
508851837;8948103;2189238;
142789891;6612196;;
011433195;8463221;1866996;4665775
589523653;9088441;4175443;
809973383;4118332;;
395744333;5966397;7451202;
240369157;4447776;7798292;2696692
657482809;7086540;;
640449880;9873648;;
343938573;2448933;;
185438515;9780720;;
008612128;7482912;;
557512130;5792300;5541214;1005647
269993503;1115180;;
607626389;5792300;3837015;9088441
731965235;2050490;;
246288023;6837984;;
486528319;7657964;;
573308090;7838989;7243800;
535525312;2696692;;
933619701;9710873;7086540;2696692
211284249;331250;;
679169594;5966397;;
300207863;7086540;;
631906814;9989669;9897093;
539429657;4118332;4557671;
666218777;5168890;;
987502803;4286301;;
593473354;4024048;;
696061602;2773385;5801454;
698136183;1984910;;
954348174;2242676;2553659;4665775
903152522;7447126;;
617877753;7798292;7838989;
518171708;2242676;;
707984071;2077835;;
801459550;2669985;;
816625234;9989669;;
108149748;9897093;;
800034049;9022757;;
842285396;4666241;;
749498496;3942349;5572295;
850470240;4738768;;
248977983;3359087;3109031;9022757
779775589;52730;;
087757695;2921053;;
233348309;6730346;;
833236162;2655227;;
291539731;2448933;;
831717988;2050490;;
081048632;2502612;;
351129218;2189238;;
258646425;8368010;;
235122189;2247054;4175443;
797172099;552870;2469513;2553659
072354876;7542300;1052038;
147597786;7250913;;
646052398;1052038;5007446;
586015420;52730;;
775681010;7243800;7086540;
310023358;9873648;;
888285816;1809300;;
900935934;2773385;984300;
307386414;9813052;;
008087162;6612196;;
919057086;5541214;;
844519762;2502612;9813052;
877751029;7086540;;
617303205;7451202;;
492035910;4447776;3074428;4024048
230749319;7542300;;
550517218;9710873;;
086726949;2050490;7499242;
907285949;4169115;7499242;
408537415;4963933;2883136;5695397
642079254;5846757;;
664292390;5541214;;
576318374;4447776;;
336648163;4738768;2696692;
479445491;5695397;8368010;
865543773;9873648;;
815211886;5966397;5792300;9897093
334279810;1476431;;
431569007;9024473;;
677658467;2469513;3074428;2242676
378292104;52730;;
720518122;8250741;;
754179398;3109031;2050490;
275774908;2350739;;
899465646;9643817;;
249087377;6159884;5846757;
291768480;7482912;;
141354669;1816982;3074428;
300912857;1984910;;
133013611;4447776;152614;
851841548;3942349;;
303967972;7499242;;
403783161;7447126;6837984;
923889014;6837984;;
777239108;2077835;;
218059265;984300;6615435;
355857149;7250913;3872004;7788837
211039449;9780720;9873648;2189238
232602322;152614;;
832101562;996505;;
041436624;4557671;;
355117243;1005647;;
115873529;9038883;;
216899267;996505;;
384201479;6612196;;
200084610;2242676;1554376;
580507767;552870;5792300;
207716954;4738768;;
046703729;3824444;3824444;4963933
588076046;7015458;;
528696883;52730;2350739;
625771145;2502612;;
871030299;9813052;684194;1115421
095272694;9813052;;
864382681;5792300;;
532971921;6960602;7451202;
087812215;9643817;;
219201474;4024048;;
818941792;1052038;;
346775424;2773385;;
624031310;2565383;3824444;7451202
342863650;2565383;9051607;
466179557;4557671;;
618731102;4665775;2310611;1809300
180866017;2696692;;
062128564;4118332;4118332;
688741517;5801454;;
592388504;152614;2448933;
495031542;1809300;;
274337085;5966397;984300;6730346
687378952;2247054;;
224480672;4355722;6341777;4550408
229619695;9813052;;
544982886;4024048;;
699638498;8266482;2696692;
191338534;4550408;;
683112405;5894933;;
327214591;5894933;9780720;1005647
276035704;1052038;;
715763127;5007446;;
745660255;7243800;4286301;2773385
721060611;4169115;7838989;1971413
784693931;9643817;4355722;
787318193;9051607;;
556817432;3942349;;
164781996;5541214;;
013582448;1866996;7015458;
627794469;2655227;3824444;
675111710;4169115;;
161777476;4557671;;
271858508;4175443;3942349;
195315032;9897093;2921053;2940993
943960473;4550408;;
635323853;4963933;;
477541672;1476431;6612196;1554376
447754203;8250741;;
921214895;1052038;;
389578142;7542300;;
862282981;8250741;1005647;
821265193;1816982;3074428;
657108003;2469513;3872004;
283962579;7447126;2247054;
535696154;52730;;
574724992;7250913;3872004;
838865182;8463221;331250;
086999924;9897093;;
735957463;7642810;;
770866818;1866996;;
702811313;1554376;;
886111316;9989669;;
657573440;331250;;
960124052;5695397;;
580455662;4175443;;
268218479;2940993;;
442449679;3942349;;
034151713;2350739;2883136;
239539376;4963933;6788106;
020588962;5007446;;
021139688;3510998;;
665606870;7838989;3109031;5572295
221332923;4557671;9022757;
469483728;996505;;
542688171;1115421;;
577478864;6960602;;
191193577;1984910;2247054;6788106
807461864;2050490;;
621174831;3942349;;
575293881;7838989;5801454;7657964
680628151;7642810;7542300;4963933
234906655;1816982;;
271204929;4118332;;
843007979;7015458;;
138837888;1115180;;
728108894;1809300;9897093;
424056634;9780720;;
874868502;7642810;7015458;
191053914;2310611;;
238517980;4175443;;
924863106;152614;7798292;
764573813;9022757;2940993;
141440380;5695397;;
685806611;5695397;;
275288382;5541214;5572295;7788837
284516578;5007446;8948103;
910919158;4447776;;
857859592;2940993;;
822108038;9897093;;
263767491;7447126;;
752378722;2189238;;
160460940;9088441;;
685988959;2655227;1052038;9643817
484530337;8266482;6159884;9989669
021901411;2247054;8948103;1971413
563074352;2883136;7015458;
498103001;2696692;;
877986087;3837015;7451202;
428742588;5007446;;
616584043;684194;;
301134693;1971413;;
832229748;5168890;5792300;
228278535;6730346;7015458;
367575941;2655227;7250913;
230144127;6615435;;
007760735;2696692;552870;
854783795;3359087;;
396158205;1052038;;
360814323;1971413;;
025609137;7706124;;
209969013;1984910;;
412378174;3837015;;
357652677;5966397;152614;
836255100;4169115;7706124;
294439063;2696692;3837015;7447126
552760994;4652599;3359087;
858916466;2921053;;
619608832;4118332;;
054349158;7482912;;
094995894;9643817;;
607695015;7838989;;
104849432;7482912;5792300;
237748346;4355722;984300;
963849366;5894933;;
086029037;9088441;;
031818754;6788106;534353;
864500217;4118332;;
563372120;1816982;;
247500410;2565383;;
140406990;1052038;2448933;9813052
308946733;996505;5792300;
256312706;1816982;;
066037174;52730;9813052;
297577919;2565383;;
472173841;4286301;4557671;
555036327;7086540;7642810;2469513
755118387;52730;;
040774665;552870;;
741048918;2050490;;
176999387;534353;5695397;
063949983;5966397;;
908586605;1115421;;
583282334;152614;;
369242603;2940993;;
126250403;1816982;;
410356901;5846757;;
227012727;5846757;;
729160872;8948103;;
396642276;4550408;3109031;6612196
519990773;7243800;2553659;
102241476;4169115;;
018223057;4652599;2669985;
460775167;984300;;
962241202;3824444;;
466303950;2553659;;
083805969;3109031;;
141352293;2077835;;
441971235;2247054;;
073958129;5801454;;
588887717;1554376;9897093;
592674928;1866996;;
200125758;552870;;
804673012;7086540;;
178534776;5572295;;
501299757;996505;;
294603377;331250;;
049265458;984300;;
420942989;9710873;;
768304214;1971413;52730;
867858011;8266482;7499242;
305328091;1984910;3359087;6837984
223765932;5792300;;
105025214;7243800;2921053;
995268878;1554376;;
014663433;1115180;;
219793781;8368010;;
266495144;6615435;;
804623489;52730;9813052;
350830241;4550408;;
552981622;4963933;;
287769525;7838989;;
358373004;1115180;7243800;996505
803991786;5541214;;
317708606;9989669;;
062582298;1866996;;
874153235;2940993;8368010;
456831478;7499242;;
836561339;2350739;7015458;
280086566;9780720;;
487301853;2242676;;
202942065;6960602;;
517970011;4175443;;
306838003;2077835;1005647;
705746594;8463221;1115180;
998934679;5541214;;
038786558;9022757;;
311143614;4447776;;
102229902;4666241;4286301;
020607216;2469513;;
534830755;6615435;;
422785315;6837984;6960602;5541214
181562766;5801454;7243800;
315851372;534353;1816982;9022757
696766702;8250741;8266482;
292232570;7542300;;
231282278;3824444;8948103;
313584710;2883136;;
614281966;5572295;2565383;
797246301;9022757;6615435;
335743177;9051607;;
407930632;2310611;5846757;
100471910;2247054;;
889182402;3109031;7788837;
724364851;3837015;;
154199754;6341777;;
795080940;6960602;;
603303496;1984910;7447126;5572295
347538628;1115180;9038883;2242676
351446051;2502612;;
377474671;2077835;2773385;
618039350;7499242;;
682297925;6960602;;
279351649;9873648;;
107333844;1476431;;
310680564;6788106;8250741;1052038
405540249;7542300;7451202;5168890
196987289;4169115;6612196;
734812597;9022757;;
453783894;7250913;;
419788440;2553659;;
158968525;5966397;;
847664412;7499242;8463221;9873648
514762246;4024048;9780720;
183648562;9024473;;
944306194;8948103;;
865778717;7542300;;
821469281;1866996;984300;1115421
919694365;3510998;;
053429460;2310611;;
050062411;6615435;;
470167476;2247054;;
802184050;1554376;;
383215639;9897093;;
658696798;4550408;;
797399289;9897093;2940993;
345605317;331250;9038883;
719478600;2350739;;
955658389;2883136;7798292;
446066907;2565383;7798292;
941618734;7482912;9897093;
704222820;2247054;3942349;
459955761;7706124;4169115;
991256512;2773385;;
779427745;1866996;;
973630754;5966397;2077835;
436855415;1476431;;
986396092;2921053;;
325053088;3074428;7798292;
135389815;1005647;;
323256786;5168890;;
631637322;2773385;5541214;
652583959;4652599;1476431;
786828633;2050490;1115421;
062861106;1115421;;
747724134;331250;;
748668913;3872004;;
379195550;5966397;331250;
786461998;8250741;;
349939882;2696692;;
885312757;4447776;2883136;534353
172306486;2050490;;
656746980;1476431;;
644552563;5792300;1816982;6612196
335339028;5572295;;
886750179;3942349;;
138971790;4355722;;
289698607;7447126;;
483547545;9780720;6837984;
663757644;5541214;;
829534728;331250;;
746760197;8948103;;
359809820;7482912;;
668327358;3837015;6788106;
425161296;2247054;;
342713002;3109031;7447126;
471396487;2940993;8463221;
620784936;9022757;;
317061067;4963933;;
899647349;2077835;;
180835488;4550408;;
174976240;9989669;9024473;
299019255;2189238;;
209546121;6960602;;
560828063;1971413;5801454;
328282086;9088441;;
581153297;5572295;9873648;
663411289;8368010;;
379217328;152614;;
821946352;6730346;;
444149741;7642810;2242676;
473384337;1115180;7798292;
420357621;1971413;4557671;
349538403;684194;9022757;
264010014;7482912;;
192124207;5541214;996505;
495310853;4447776;2050490;
502125715;1554376;;
018922845;4666241;;
812148616;996505;7447126;
163042614;7086540;;
684465023;9710873;6788106;
559248211;684194;6730346;5966397
206030483;1115421;7243800;
642703689;7086540;;
169989525;4738768;5007446;
727273858;7086540;;
061171715;684194;;
305446445;5007446;152614;9038883
777214988;996505;7086540;
307235800;9780720;;
932336225;1866996;;
175237170;7788837;;
940511849;2350739;7499242;
050924891;6837984;2553659;
235840123;52730;6612196;
444193250;4665775;1115180;
522634249;2189238;;
985921504;6159884;;
076895461;1554376;2448933;
145384719;9022757;1971413;
814297387;6341777;2247054;
433258435;4557671;2502612;
892332610;2921053;6960602;
121066663;9813052;1816982;7015458
557750324;4118332;;
553660652;1554376;;
912871656;7447126;;
277262800;3109031;;
220692728;7482912;;
871191285;5801454;;
378460452;2050490;;
213999997;2696692;9897093;
887210797;7706124;;
518108487;2940993;4118332;
271118510;1005647;;
827583097;6960602;;
284990830;5894933;;
637318066;7250913;;
330404224;7447126;;
652866038;7447126;;
385842264;5007446;;
342613731;4550408;4175443;
555897127;52730;9088441;4652599
036952699;1809300;;
579559789;9024473;;
110639821;3359087;7838989;4169115
233407406;8463221;;
760768768;3359087;;
410008109;3109031;1809300;
762608544;6960602;;
628528480;3837015;;
990359831;9051607;7542300;
516258360;1115421;;
351119225;552870;7542300;
053890608;4286301;684194;
915029442;2655227;7657964;
008360991;7250913;;
084081246;3872004;;
195346608;9038883;;
052390967;1816982;;
976566440;9780720;;
541966488;6612196;;
900771366;1476431;4355722;9989669
084553968;7788837;4169115;1809300
146429369;7542300;;
147044043;4355722;;
135144838;996505;;
437729806;2050490;6615435;
354730433;4355722;;
131821923;331250;;
079455970;8463221;;
123568439;6612196;;
647526218;7788837;;
251232546;534353;;
623118268;4652599;;
478313815;7657964;;
230788761;9989669;;
334848122;3074428;4738768;
099647661;9873648;;
292904304;3359087;;
631846246;3359087;5541214;8250741
827708553;4024048;;
478337686;7788837;;
964716447;1866996;;
056955287;3837015;;
080152501;2696692;;
368005951;8463221;684194;
151493338;2189238;2448933;
777688079;7657964;;
860376569;6730346;6788106;
164359147;4666241;;
224625135;5541214;4447776;
208648743;4118332;;
385185336;5572295;;
736468128;8463221;;
249082476;8368010;;
650046487;2553659;;
002982733;1816982;7838989;
122389677;1809300;;
402652571;6341777;;
137334898;2448933;2773385;
827561578;7657964;;
581471809;5894933;2940993;
422283310;1866996;;
909809514;996505;;
246096645;6960602;5801454;
867304311;3074428;2565383;5007446
831528948;4963933;;
816478693;8250741;;
912816300;9873648;6788106;7706124
574297286;3824444;;
377160660;3109031;;
351604748;4175443;2940993;4738768
987116116;2050490;3359087;
824076257;2448933;;
723893316;3510998;;
697998261;5792300;;
461309794;5894933;;
555122422;4118332;;
579877680;9022757;;
352482979;3109031;2077835;7706124
291577296;534353;;
757748422;8266482;4447776;6615435
764903264;2940993;;
684575494;1476431;;
411033982;1866996;9813052;3872004
285958666;8250741;4652599;3074428
241412978;9813052;;
328396198;1816982;;
274554838;7447126;6612196;
403881903;552870;2940993;9813052
169949719;9897093;;
285600060;1971413;9780720;
435520943;7447126;;
128532058;5966397;7788837;
258423730;1816982;;
965525491;2448933;;
251441091;5966397;;
227056653;3109031;;
606114501;9022757;;
697412449;2469513;;
833997633;1971413;;
623207391;3872004;;
527548456;9643817;;
195955007;2050490;5792300;
985248591;7086540;;
543269498;152614;9088441;1809300
473041081;534353;;
559720167;5572295;4652599;5894933
186540848;7447126;;
692751356;1554376;;
648140086;4652599;;
332988823;4665775;;
823265835;7706124;;
039824239;5168890;152614;2669985
002600427;8463221;;
969060011;6788106;;
340693836;4024048;;
908139032;9897093;1984910;1866996
766324956;2696692;;
203860194;1052038;6612196;
159125054;2247054;5541214;
085730475;7482912;9873648;
402367886;2242676;52730;
318523195;8250741;2242676;
007556840;4024048;;
773390567;9088441;;
470090368;2553659;2553659;
988952507;3074428;;
155383194;9051607;;
414042720;9038883;8368010;
837163189;52730;6837984;
543869537;6730346;3510998;6612196
274194244;2773385;7838989;3837015
949416399;4557671;;
341974464;3872004;;
435244407;9022757;;
166113163;9038883;1115421;3942349
804966541;6730346;;
420398190;4963933;2940993;
945184900;1476431;;
525378805;9780720;6612196;
752500349;996505;;
959818017;8948103;;
171609800;2448933;;
165484741;5792300;;
642047256;5966397;;
561906838;9024473;;
711970352;4550408;;
764502797;2940993;9873648;
662537394;4550408;;
791816879;4550408;5572295;1816982
227041072;5846757;;
837834147;7642810;;
332106952;8948103;7015458;
872590063;2655227;;
398450228;6159884;;
423983665;2350739;;
875272907;7250913;6612196;
054993402;4355722;331250;6159884
400774587;1971413;;
844964216;3837015;9024473;
900095101;2669985;;
156302682;2077835;5541214;
589591176;3510998;2077835;
697037899;9897093;3359087;
489167052;2669985;;
773682054;2189238;;
231758641;4652599;5572295;
555082239;7798292;5792300;7086540
659198037;9038883;;
375930504;9024473;;
148194614;7482912;;
820551527;9813052;;
281173242;3109031;;
417002021;1115421;;
385496919;1476431;4118332;
798769959;4738768;3510998;
049915099;4550408;;
747969042;4557671;6788106;7706124
164481824;3824444;2696692;
719631692;8250741;4550408;
930646626;4024048;;
755713582;331250;;
230443066;3359087;;
671745938;7243800;;
692439818;7086540;;
505611348;9710873;;
221458327;4355722;;
920750863;3359087;;
483343096;5572295;;
502739132;5846757;;
602498747;9051607;;
339648166;684194;9038883;
749881407;996505;;
792141636;5894933;;
416321563;1554376;4024048;
357517031;6612196;;
744057856;984300;;
065950308;2189238;;
900468695;1005647;;
989574268;9897093;;
737047570;2077835;4738768;
635227925;7015458;;
080711235;4169115;;
155103233;6159884;;
132632184;7642810;4738768;
387684579;8463221;4738768;
150523535;9873648;;
610270052;8463221;;
706050890;6837984;;
493108531;7482912;3359087;3872004
560258441;5168890;;
285294457;1005647;;
898832185;6159884;;
221007733;5801454;;
617425199;3872004;;
753549819;7447126;;
721287987;8250741;;
659487770;4652599;;
755734376;1115180;7015458;
851606300;9780720;2669985;
960344880;2773385;9088441;
077806549;7451202;7798292;
068782250;5846757;7642810;
158679637;3942349;;
184990336;6341777;4665775;
590363729;9022757;5801454;
001462414;1115180;;
537381612;2773385;;
922300320;2247054;7015458;1554376
245701471;8368010;3837015;
071623230;5572295;;
968697529;4652599;;
428181384;9643817;1866996;
306003952;7482912;;
365598807;3942349;4024048;
371084728;6837984;6788106;
285103197;9710873;;
345763679;7642810;;
221553470;8266482;7482912;
670783102;984300;;
591679653;9813052;;
309746991;5792300;;
647488694;3074428;;
014823314;9643817;;
159456705;7788837;;
122217495;9710873;552870;
779207164;5846757;;
640113993;8266482;;
486577490;2883136;;
377608493;2655227;9780720;
680417944;4286301;4355722;
259590366;9024473;;
412554218;4738768;;
229913805;3942349;;
223288305;4665775;7499242;
553798477;7447126;;
468555019;2310611;;
299719297;8266482;2921053;
131958075;6960602;;
136213434;4652599;;
016403369;1554376;;
053106310;1554376;;
737106833;4666241;8250741;
075926526;4355722;;
652303977;8266482;;
796479233;7015458;2669985;
649965296;2553659;;
659298582;5695397;;
259600507;3872004;;
329634784;3109031;;
756132545;4118332;;
429590821;4652599;;
827539231;8463221;;
513664778;7086540;;
282911221;1052038;;
274337656;8948103;;
716923695;534353;;
586625299;4738768;;
057417305;1115180;;
347916165;3074428;;
663254788;3942349;52730;7243800
200594969;2565383;;
146702650;2247054;;
696427365;2310611;;
247155300;9024473;1971413;9780720
981434746;1052038;984300;
913138233;9051607;;
987421276;8266482;;
172421241;6730346;;
156488594;3872004;;
827959677;684194;;
062009990;7243800;;
400452722;2921053;;
802144603;4666241;6960602;
640698869;1971413;;
047643595;6788106;;
600097038;996505;;
278023374;2921053;;
473684530;4024048;;
339024470;7642810;1052038;
091438289;4550408;2050490;7838989
709355429;152614;7788837;
297912451;8250741;;
085047215;3074428;3359087;
637134492;4355722;;
170126605;6730346;5966397;
046379548;7706124;;
099849946;1476431;;
976727774;5966397;;
926675491;7482912;1866996;5541214
682726803;7243800;4286301;
715981510;3942349;6730346;4286301
157574740;5801454;9989669;
657886057;2883136;4286301;
475624421;6159884;;
827208541;7642810;4738768;
851665437;5168890;;
544430914;4665775;;
430357243;2773385;2448933;
697283831;9024473;;
561029420;6730346;;
840859679;984300;;
469355811;3824444;;
479122357;684194;4550408;
883195011;331250;;
587869900;7798292;;
561946139;9088441;;
754254888;7482912;9989669;
300515528;7243800;;
006559574;1971413;2310611;
885084906;4286301;;
347433296;8266482;;
278997522;2940993;;
959325440;9051607;;
525823198;52730;;
467112544;5168890;7706124;
935448755;4118332;552870;
574656140;8368010;152614;4024048
952280299;3824444;;
406838208;3074428;6960602;2773385
816450581;5007446;;
447458628;2502612;4355722;
293578074;7482912;3109031;
312681330;2502612;;
017082645;7482912;;
301283130;4118332;1554376;
955440878;2553659;2655227;
146789735;7657964;2655227;
102867724;2669985;6159884;
057511035;2883136;;
789914642;9873648;;
691372611;6730346;;
280424927;6612196;;
565804076;6612196;;
791479621;7482912;;
185604031;1809300;;
695666874;9813052;;
440399403;6341777;;
919975682;7838989;;
405397422;5572295;;
872825246;4355722;;
496809377;5966397;8250741;
105438691;2669985;1971413;2469513
596391047;984300;9051607;
123151166;8463221;;
420655873;7788837;;
803102418;9710873;;
799781288;9710873;;
671717721;7657964;;
332392591;6730346;;
120295475;9780720;;
283315881;3872004;;
930998764;9780720;8463221;
048782648;7499242;;
411724970;9088441;;
585498705;4652599;;
751282124;7706124;;
198761296;5168890;7542300;
544256904;9813052;;
451796741;2077835;;
490050106;984300;3942349;
957418950;4286301;;
672898201;9643817;4963933;
820413318;4024048;;
639974362;2077835;;
741939515;2940993;;
112283276;2077835;7838989;
368266391;1554376;;
157447480;2350739;3074428;4447776
586555209;5572295;6159884;
947862416;2448933;;
360644544;6837984;4286301;
819946606;4175443;;
600961660;2669985;;
777987803;2655227;;
802759415;3837015;;
626754362;1809300;3074428;
729406495;3074428;9038883;
287090087;534353;8368010;3837015
400324512;4652599;;
078568702;3359087;;
821043001;2350739;6730346;
087380012;2502612;;
224982763;2350739;;
969900444;7499242;;
664461917;4169115;;
741823600;7657964;2883136;
608554795;3824444;4652599;
125277876;7798292;2883136;
596888400;552870;;
445596418;7482912;9873648;
506081648;4118332;1052038;
798996388;9024473;;
008491185;9024473;;
172928883;2565383;8948103;
412743915;4024048;1971413;
962452991;5572295;5541214;
954675281;4355722;;
951299536;7657964;;
511933745;1554376;;
846975780;5801454;;
299692619;3074428;;
260382319;7788837;;
391828256;9051607;3510998;
842243261;6788106;3942349;2565383
359338253;7657964;984300;
943281904;2050490;9051607;
236215122;2242676;7250913;
002143538;5801454;2077835;
362922604;2189238;;
308573184;2655227;;
586482770;2921053;9780720;
148398387;4550408;;
355971161;3824444;7243800;
439096048;2448933;;
612031792;4286301;;
339792077;2502612;;
300988422;2242676;4355722;
993936350;684194;;
637406958;8948103;;
716476273;7838989;;
662854221;5846757;;
390976983;5801454;;
168009928;9989669;;
729896044;552870;7706124;
840284336;3109031;;
519605356;4738768;;
066140758;684194;;
475059316;5007446;;
203741273;152614;;
749093527;4550408;;
184656257;1816982;1816982;7015458
881648826;984300;;
746879873;5695397;;
723890093;4738768;;
764107350;5541214;7086540;
896360581;9710873;;
804040793;2553659;;
160675507;6341777;;
981249386;5846757;;
370540412;1866996;4024048;3837015
196384152;9024473;7499242;
014619417;9088441;4024048;
560264746;4355722;;
032222428;5572295;;
284678627;9873648;9022757;534353
552707243;5846757;;
530630447;4963933;2502612;9989669
441000240;1115421;984300;4550408
084384907;7243800;;
751593617;4286301;;
263762084;6615435;;
865827615;2310611;;
900222574;7542300;;
951466717;4024048;;
870129696;2050490;5007446;2565383
296429769;4447776;8266482;
916341260;3942349;6612196;
356269252;4738768;;
691504463;552870;;
086381141;2940993;6341777;
365006510;6612196;5695397;
857631460;7657964;;
331831679;4666241;;
182701122;7499242;;
274511993;6612196;;
600325689;4666241;;
080549921;9024473;;
840063794;2669985;;
167782342;6730346;;
840760915;7086540;;
792298627;5801454;;
628593229;5801454;2655227;
053127721;7482912;;
571183262;2669985;;
630454286;984300;;
768118698;3074428;;
803964899;7642810;;
417441192;52730;;
328398301;3942349;1005647;7451202
889113532;2921053;;
441178939;3837015;;
566512587;9643817;;
751120609;7482912;;
660518409;9024473;;
881754396;534353;;
252654567;7447126;;
354418973;9024473;;
979354109;1052038;4665775;
136744926;9710873;;
872534857;2655227;;
203302008;2883136;4550408;
394567767;331250;9813052;
992519174;5168890;4666241;
562603988;5695397;;
459657915;6960602;;
234018519;2940993;8463221;
102387306;7499242;9038883;
389965711;5801454;4286301;
753418819;2553659;;
422505359;3074428;7798292;
228833889;3837015;;
022344044;7086540;;
084706126;7657964;;
773623259;4666241;5801454;996505
136172836;6612196;;
244739629;5792300;7243800;1816982
885874912;5007446;;
517126297;8948103;2940993;
369670330;4447776;;
929728601;4286301;;
378425019;9088441;;
230437301;2921053;1809300;4963933
342566820;5541214;;
614312449;4118332;;
924819215;331250;;
108368556;9051607;;
586609289;2921053;;
003324704;2189238;2696692;
642122961;7798292;1005647;5695397
173957699;9051607;8948103;
181276743;4355722;;
621152846;9989669;;
505762926;7015458;5792300;
967361952;7086540;4550408;2247054
028344401;6837984;;
076520514;1052038;;
140674758;2448933;;
096438299;7542300;;
437116095;9022757;;
238960679;8250741;;
820330992;8368010;;
905775650;984300;;
214790634;6159884;;
390009550;5007446;;
136640427;984300;3872004;
533978173;152614;9780720;
937314718;7642810;;
882861104;2696692;4652599;
988858169;9780720;;
930921947;8368010;;
584140839;534353;;
571269772;4738768;;
489855904;5846757;;
957816041;52730;;
963385177;5695397;684194;
976250873;4738768;;
265162755;1115421;;
622944104;684194;7706124;6730346
256299932;1554376;8463221;
329116645;2189238;7798292;
822545994;2921053;5792300;
679787079;8463221;7086540;9813052
213505528;4652599;;
178519901;7798292;;
307153425;7451202;7447126;1115180
050206834;5541214;8948103;2883136
652177461;6960602;;
071758811;1554376;2696692;
627723149;534353;;
432611751;4652599;;
496671939;1554376;6788106;331250
597985544;5168890;984300;1115421
309330007;6730346;7788837;
970175071;4665775;8463221;8948103
274408138;4024048;;
440393480;152614;;
020270434;7451202;;
431242500;3359087;;
756961257;684194;7542300;1476431
413949226;3837015;1115421;3942349
329647418;4550408;2448933;
971651738;9780720;;
028497302;5792300;2655227;7015458
405791737;6837984;;
026114081;6837984;;
626017049;4024048;;
925573210;6612196;;
278877750;7838989;;
829196959;1115421;5801454;9710873
880162854;984300;4666241;
099536964;5966397;;
508160028;5541214;;
269047999;7499242;;
324063952;7788837;;
501723904;3109031;;
672730348;52730;;
497157909;2242676;;
212576776;2050490;;
187645930;6341777;7250913;
964787515;4118332;9022757;
570169586;2883136;;
166954367;1115421;;
686235296;7250913;4175443;
001943852;9051607;;
390544353;996505;;
624134151;5792300;;
330946358;9813052;;
351284685;7706124;;
401148685;9024473;;
821491298;2189238;9873648;5966397
659238908;6612196;;
851775550;5572295;;
395381565;7798292;;
357223285;1984910;;
741848164;2669985;6960602;
898417381;2773385;;
544216959;331250;;
969383811;6612196;1476431;
488132926;4557671;;
415072847;2189238;;
684040767;996505;2502612;2469513
842657498;5801454;;
156819555;7642810;;
282216882;1005647;4355722;
835505587;1554376;;
560457670;1971413;;
818957422;4550408;;
561136235;5792300;;
032064671;4169115;;
826721156;684194;;
658903219;3942349;;
417824825;8368010;4738768;
664076939;2350739;;
386130025;5846757;5695397;
979862369;9643817;1971413;9022757
676086927;2077835;;
254071359;9813052;4652599;
466364236;52730;7086540;
518072739;8368010;;
462707175;4447776;;
743728267;2553659;;
543962801;5168890;;
826999905;4652599;552870;
004858291;2448933;;
214911612;7482912;7250913;3074428
215020406;996505;;
605810095;7642810;;
738517151;9780720;;
306669735;2502612;;
755834115;7499242;2350739;
325441818;7482912;7642810;
116699650;8948103;;
413121707;7642810;;
473607523;2310611;;
277083432;152614;;
574633039;9897093;;
703380608;4024048;;
180181460;4665775;1005647;
386299961;2553659;;
217552449;4652599;;
030968088;9989669;;
588323108;7243800;;
204635363;1809300;;
905043763;6788106;;
821772913;9780720;;
779683503;152614;9710873;
395459639;2940993;9710873;
302997265;984300;7499242;1115421
277975170;5168890;;
692001241;1816982;5168890;7250913
301338134;9088441;;
708436770;7642810;3074428;
084250364;4447776;;
881492684;8266482;;
250459077;1984910;;
159217761;3942349;7706124;
613924886;8368010;;
336668641;3837015;2773385;5695397
887409076;7086540;4652599;
068812112;2310611;;
424580429;2050490;;
927210740;7798292;996505;
241081054;4118332;;
069605341;1005647;4286301;
046089584;6341777;;
412730386;5846757;;
524968327;5007446;;
391114546;9813052;;
400611428;1984910;;
957622885;2773385;;
117180487;1809300;6615435;7542300
426839041;2050490;4557671;
391677737;6960602;;
411784696;9038883;;
800865281;4550408;;
285214946;2448933;8368010;
624194747;4118332;;
966211388;684194;;
941881217;5966397;;
438313514;9897093;;
712165450;9989669;;
311617112;6837984;;
836764240;8250741;2310611;
025806839;9022757;;
179161234;684194;;
694313293;2350739;;
430705380;5695397;;
116506997;2921053;;
266432356;4355722;;
203040639;5541214;;
624356661;7482912;2469513;534353
738096212;3942349;8948103;534353
776131266;7499242;;
834589291;2773385;;
722456969;3872004;;
927843512;9038883;;
678570778;2448933;;
721189056;4118332;;
124473181;5695397;5801454;
864142616;7542300;;
416154798;8368010;;
912297883;9088441;;
308064259;6341777;;
253425493;7642810;1115180;
385441831;684194;;
772366655;4963933;2350739;
166856907;5541214;;
045446025;984300;6615435;
908902519;9989669;9088441;
458427218;2940993;;
355473732;5007446;7838989;4355722
880253083;4286301;2310611;
284764487;2565383;;
578730420;9989669;2655227;
749496794;3837015;2189238;
887371797;6341777;;
466336691;6788106;;
652833856;3510998;;
605054577;7451202;;
759579442;4169115;;
910892196;4175443;7447126;
989975805;1115180;;
529667133;2189238;1554376;
578134864;8266482;8463221;7015458
402853044;8266482;;
915422801;9989669;;
208413539;9024473;;
989218142;4963933;4169115;
183477851;4557671;;
063457307;1476431;;
055118723;1476431;;
540515540;5846757;331250;
188528005;9989669;;
813360258;8250741;;
035288642;9873648;5007446;
261933552;3942349;;
070044932;2940993;;
076651633;7657964;2189238;
769318727;2940993;;
399490035;2077835;;
820861843;4169115;7657964;
320273344;2469513;7086540;2773385
978765260;5792300;;
983752748;552870;5168890;
023786262;6341777;;
814146735;4550408;;
160028749;2669985;;
562465865;9873648;1115421;
461908089;2883136;;
441782742;9038883;;
300347633;9022757;4665775;5801454
810771327;9897093;2247054;
440290587;9989669;2940993;
289839827;1052038;;
346331475;2242676;;
974996678;3510998;;
655804162;2350739;;
082850332;2940993;;
512411040;5966397;684194;
404858821;2350739;4175443;
853715773;2565383;4169115;
518386330;4738768;;
024159206;3872004;;
267944125;2565383;5572295;2696692
489744064;9038883;;
579067347;1005647;;
508136918;7798292;2189238;
493312484;3824444;;
770593206;3872004;;
138681936;5792300;1984910;5168890
664507005;534353;;
175630387;9989669;;
022215586;1052038;;
333026413;8948103;9989669;
727753010;3837015;;
367409074;152614;1005647;8266482
071963791;9088441;;
026396805;1115421;;
887030717;1115421;;
197419269;8368010;;
424209371;2655227;;
947998932;6615435;;
298150341;6615435;;
774766836;2883136;;
907872122;5572295;2669985;
106916687;2502612;7798292;
748665546;7788837;;
850683450;1809300;;
095337997;7706124;;
279089518;9780720;;
336026378;3942349;;
808326641;4666241;;
740328929;8250741;;
826244615;8463221;;
997654864;4550408;;
486466972;7451202;;
586846283;5792300;2189238;
933432988;3872004;;
724012962;1984910;4024048;
726347480;7706124;;
695746548;4652599;5966397;
940419319;9024473;;
106458459;7499242;;
568956168;8266482;1052038;4175443
136585902;2469513;;
163577321;5966397;;
809907124;6788106;4024048;
654355461;7451202;;
378003182;1052038;9038883;
987815934;7788837;;
649257998;7447126;7798292;
380568525;4175443;;
365555889;2189238;;
213189946;5168890;7015458;
485953294;2050490;4963933;2077835
903079934;1115421;;
867009567;7706124;5894933;
958611800;9873648;2553659;
288848927;3510998;;
314897786;4355722;;
513613607;3872004;;
925496098;2773385;;
720281521;684194;;
268237154;2448933;;
168003924;7482912;;
445937202;1554376;2469513;9024473
555964803;7706124;1866996;7250913
223063131;9024473;9710873;
785623530;7447126;;
713605080;7086540;8948103;2696692
553480941;684194;6730346;7642810
005231560;7642810;;
095247847;6612196;;
124311077;5966397;;
106501452;6612196;7243800;
614758108;9024473;;
639599118;6341777;5801454;
520388198;2883136;984300;
884843100;7788837;;
622478995;2696692;;
198617709;7542300;;
752085669;1809300;;
205394442;6730346;5695397;1115421
133402816;4169115;7086540;9813052
088185900;5894933;9989669;
881771850;2050490;;
863863628;5541214;1984910;
026425910;5792300;2696692;
953085757;1115421;5572295;
298196022;8368010;;
326423724;4666241;4550408;
739322597;1554376;;
788317919;4175443;9024473;
607907788;2247054;;
828634504;152614;1866996;7086540
125747690;5966397;;
280438298;684194;;
573808786;5894933;684194;3837015
261610780;996505;;
019081937;3837015;;
061708262;152614;;
787780518;6837984;2883136;9643817
763470916;9780720;8250741;
071698707;8463221;4652599;
246993607;2189238;5792300;
555785760;331250;;
584898613;5894933;;
710295313;2247054;;
560690216;8368010;;
662410670;5695397;2448933;2242676
787854229;8463221;996505;4550408
650139521;3510998;2350739;
396806936;6960602;;
664424221;9873648;;
494091130;1866996;3837015;
439958444;7451202;;
055215554;2050490;9038883;
343928033;9813052;;
315247146;6159884;;
185789802;6730346;4738768;
455747051;8250741;;
513340531;3942349;;
964424761;5966397;;
211856352;9024473;;
519014246;6788106;;
723383674;4557671;;
639350398;6615435;;
130143689;9038883;;
789141800;7015458;;
237066156;4286301;4175443;
300009991;52730;;
942130346;152614;;
235555576;2502612;;
364097621;1554376;2189238;
512664140;8250741;;
170259962;1476431;;
978016341;5168890;7250913;
294261649;2669985;;
487564984;552870;4169115;
234568110;2050490;;
624912942;7542300;;
966994309;2669985;7086540;
352899717;3942349;;
856408976;2050490;;
304770951;2773385;;
236048555;6159884;2553659;
080840135;9873648;6612196;
252588710;7798292;;
175388562;1115180;1005647;
478036478;984300;;
030755945;9780720;2773385;
627393338;7706124;;
941706078;3872004;;
813215553;9022757;;
676088102;7243800;;
375401995;3837015;;
147159374;1971413;;
452769562;2189238;2696692;7451202
728470750;2247054;;
657033886;4175443;;
843616930;1052038;3359087;
673899348;52730;7706124;2469513
490808373;9643817;;
402526214;8948103;;
751760028;1554376;;
845031806;7798292;2242676;4652599
521970805;1005647;1809300;2448933
100955905;1005647;;
603543042;7482912;2565383;
957893397;3074428;;
583563010;4118332;;
464509263;4447776;;
426311710;3942349;;
689746852;2247054;;
526903385;3109031;7838989;
255654196;5168890;;
462374358;4355722;5894933;
217580158;3837015;4550408;
373142655;9051607;6612196;
953752066;9051607;;
442585848;1809300;2469513;
640296959;6788106;5966397;
572867347;7499242;;
280304228;5792300;;
894817808;996505;;
376411480;2448933;6788106;
456907954;1984910;7250913;
921266111;4447776;7788837;
467402227;7447126;2350739;
674305773;4355722;;
333944089;3109031;;
765330892;6341777;;
361722587;1971413;;
786033530;6341777;5541214;
258087817;3510998;331250;
108151222;7706124;;
371019894;2502612;2655227;
897401295;6615435;;
043349831;6612196;;
367596070;2655227;2189238;
884109232;6159884;;
613654233;5007446;552870;
050394537;1052038;;
697251917;684194;4550408;7243800
722955137;4118332;;
561431132;7798292;;
721430435;5168890;;
297087331;9897093;;
783108060;2696692;1052038;3872004
190718014;7788837;;
334768189;3872004;;
410716821;7798292;3837015;
785046121;2448933;;
378322463;984300;;
497914113;4024048;5966397;9873648
975118327;3109031;;
047026455;1866996;;
115991425;331250;;
787700343;5695397;9038883;
288731422;5695397;7657964;
733171227;7447126;;
811162641;1809300;3359087;7482912
434622598;9780720;;
115579705;7243800;7015458;
192332223;1984910;;
419225778;9024473;;
328749303;1476431;;
256353242;6730346;4963933;6615435
331276189;4652599;8266482;
888621895;6341777;;
779147637;9989669;;
264958981;4550408;;
113333502;996505;5966397;
048290771;5168890;;
773115840;9088441;;
656022885;4286301;;
954698218;1554376;6788106;
198920321;9038883;3837015;9088441
944026085;2077835;4550408;
406061871;5541214;;
432173058;152614;9643817;4652599
245336234;2448933;;
496322977;9088441;5007446;5966397
049425709;1554376;152614;
464270190;6788106;;
295963221;6612196;;
880837184;9022757;;
100163998;5846757;;
664640321;984300;;
998648795;6960602;;
800918616;4169115;;
745719579;2350739;;
731533434;6788106;;
326009338;4286301;4447776;
164225254;984300;8948103;
809725897;6730346;;
661506309;9813052;;
541130993;2655227;7243800;2350739
394374854;2940993;5966397;
058275104;1971413;9051607;
407645419;4652599;552870;
451896698;7788837;;
196074860;2921053;9897093;
538292542;7086540;;
581588692;2940993;;
438263559;8948103;;
230725737;1554376;4652599;
214483783;2883136;331250;
897330899;4169115;;
039072487;1809300;4963933;
368529918;1005647;5168890;7657964
846148430;152614;;
897923465;9038883;;
922145759;4557671;;
300013271;3109031;4355722;
410250330;9643817;6341777;
072818045;7788837;4355722;
434441085;2655227;;
954798751;4024048;6615435;552870
525274382;5572295;9710873;
915910104;9780720;5846757;
895420920;7798292;;
372298059;8368010;;
642599449;9024473;;
342745771;8368010;;
749394378;2921053;;
636645005;6612196;;
224949159;7447126;;
907872393;6159884;2773385;
493960781;7657964;;
726164978;1984910;;
637361174;2655227;9643817;2502612
721768630;9038883;9643817;
063697672;8250741;;
121434539;552870;;
246356719;1816982;;
797548513;4557671;;
066682428;4118332;52730;
682106905;9022757;;
175474873;4286301;;
475439396;9051607;2242676;
280097119;3942349;3837015;
257403530;1052038;;
835863555;1476431;5801454;
538453249;2247054;;
217649511;1052038;;
246414427;4557671;1866996;
474704161;6788106;;
372077132;331250;6615435;6341777
127824672;6788106;;
050348323;4557671;;
970230540;9873648;;
603038717;2242676;;
780979697;1984910;;
952014158;8250741;5695397;
358659313;1866996;;
356623401;1115180;1476431;1866996
273772152;4118332;;
840139010;7250913;9710873;6341777
483646588;7482912;;
758667935;4666241;3837015;
660113921;4024048;2669985;
742593649;7499242;;
241436636;2189238;5541214;
569471854;684194;7451202;
668235922;4447776;4355722;
447248015;7243800;5792300;
098705308;3872004;;
277455199;7250913;5966397;
873772438;2350739;3942349;
386814874;2469513;;
066126724;7542300;;
190612909;1476431;3109031;
109848942;8368010;2310611;
422391685;5541214;;
388426332;4557671;7838989;
603665052;2565383;5541214;
272521030;7243800;9780720;
104215172;4652599;9780720;
917722266;4169115;;
895292255;8948103;;
403834434;2469513;;
211365044;9022757;;
852391766;5572295;;
871793797;984300;;
678974546;4175443;;
456383603;2883136;;
307389024;2773385;;
945444292;4118332;;
823221915;2448933;;
484845690;2247054;;
503218008;2773385;;
166960416;7451202;;
962344137;6730346;;
118229415;2448933;;
182278645;4024048;2553659;
942842604;7788837;;
835101873;1052038;;
126471516;1005647;9780720;
185446508;5168890;2077835;
527787024;4550408;;
636493696;1866996;6960602;2310611
689986086;6159884;4024048;
657184459;9897093;;
237526354;4963933;;
097484433;1809300;;
440563002;2350739;5572295;
004498961;984300;52730;2940993
930345883;5541214;3942349;7447126
070433559;4738768;1005647;2921053
429461236;7838989;7657964;
356963447;1554376;7499242;
168058207;7015458;;
525122141;6730346;8948103;684194
742559265;1984910;;
683796617;7706124;;
860908182;6615435;;
935877738;7798292;;
358554203;9038883;7542300;
817625574;2669985;;
367630190;8250741;;
101769416;8463221;4738768;3872004
456730968;6159884;;
229054408;2565383;;
355968096;7542300;;
001838871;684194;;
559894823;2553659;;
311711913;1971413;5846757;
674221942;1866996;7499242;
588513902;1052038;;
109882860;8463221;9024473;
186197802;8368010;;
309016019;1984910;4665775;
301141483;6341777;8266482;
666680314;7499242;;
904442964;984300;;
371003111;2242676;;
250543068;9780720;;
397622135;2050490;;
832593622;9780720;;
652374061;2553659;;
725330719;1476431;9038883;
363347397;9088441;2242676;
386699105;7482912;684194;
647156190;9710873;;
117963855;7798292;;
150561694;7451202;;
456701617;4447776;7086540;
656860410;4652599;9873648;
461824399;4355722;;
384103531;8266482;3510998;
420318682;9710873;2883136;
998261938;8948103;;
345277582;7657964;;
722795029;2565383;7250913;2669985
537992201;2655227;;
418048658;2940993;;
492993775;5572295;;
979896348;2669985;;
232167663;1005647;1476431;
578200284;5801454;4665775;
339076452;52730;;
609371492;7657964;;
891324035;1866996;;
320211397;7542300;;
283499852;7838989;;
338911233;4550408;;
367216082;2883136;;
676212556;8463221;;
822154259;7015458;1554376;
187694639;2242676;;
10789983;2469513;2553659;
087577616;9643817;;
043606671;2502612;;
574291349;7451202;;
754813474;5572295;;
195504782;5007446;;
564873094;2469513;4118332;2469513
615060841;2553659;;
797409862;2310611;;
329987476;1005647;;
855078101;5168890;;
381502816;1984910;;
498976794;5801454;1476431;5541214
630789983;2310611;;
979880517;9897093;;
154091366;4550408;;
474396723;5966397;9088441;7250913
574381349;9022757;;
796502374;2553659;;
519355920;3074428;;
566873694;1866996;1052038;
976554082;1005647;;
536373208;4355722;;
243879749;552870;9780720;7706124
078398374;9643817;2669985;
689320719;4652599;9051607;
526514968;2448933;;
395608863;5541214;1115180;
265666610;2773385;1115180;
130910373;2883136;;
378026089;7015458;1866996;
572624888;1984910;;
190575517;2077835;;
975729190;2077835;;
814041734;3837015;;
405469217;7086540;;
092980234;3942349;;
084983073;7243800;8948103;
598904741;2448933;8368010;
807152408;7542300;5966397;
010586001;8368010;;
427326295;9051607;;
430257873;7015458;6159884;4447776
556097133;684194;;
675788964;7482912;;
712469752;996505;;
181146227;6615435;;
934828333;3109031;9088441;7798292
895576159;5572295;2077835;7482912
271050560;1005647;;
741861927;331250;;
916549433;2502612;2448933;
659288354;6960602;;
527893091;6612196;2565383;5007446
262338285;6788106;;
102151521;7482912;;
727336154;2921053;;
702937032;2655227;;
749102261;9643817;;
260747566;4118332;7657964;
405464740;2247054;7657964;5966397
924824189;3837015;;
006751465;5966397;6612196;9022757
548937248;4738768;;
874251646;5801454;7499242;4963933
475045544;8463221;9710873;
928812581;7447126;;
422771346;2189238;4550408;
993806672;8266482;;
643826709;5894933;;
511423100;7499242;2350739;5695397
434346827;2940993;;
867410691;9051607;;
948518310;7015458;;
814778088;9780720;;
687908078;152614;;
450556828;1476431;;
504480567;9780720;;
608944246;2565383;;
810935911;4447776;;
343458140;4355722;3074428;
357024999;6837984;;
827261440;8948103;1866996;7788837
609731775;4550408;;
874446847;1115421;;
476320655;7451202;;
218309915;2669985;7788837;
958667993;6788106;4286301;
649865011;5695397;6341777;
219015935;1005647;4169115;
634039004;3359087;5541214;2921053
649286916;8368010;4175443;
128141031;7499242;3109031;1052038
388250008;1984910;;
649717840;7657964;;
467581527;3942349;2883136;
687156846;684194;;
895544675;2696692;2242676;
134393113;7447126;4355722;
720421491;9780720;984300;4665775
677593449;4738768;;
914957678;3942349;;
760396232;1115180;;
152753146;3824444;;
219955058;9780720;;
406851926;7642810;;
262511627;9022757;;
360340807;7015458;;
286269785;9989669;7243800;1816982
370634892;2696692;7447126;
128571237;9780720;4355722;
796250730;7086540;;
620949172;5792300;;
324829798;4286301;5007446;
144584105;331250;;
575233318;7838989;3942349;
885435198;7482912;;
622653373;4286301;;
752900744;4024048;;
366430603;4665775;1816982;3109031
677996761;2350739;;
394791795;7451202;;
526448658;152614;;
282221300;7499242;2669985;
894989950;2448933;;
142607948;2448933;;
666763759;8368010;996505;
704594292;9897093;;
371228668;6159884;;
019265537;52730;;
033801783;9989669;5894933;
670558515;3837015;;
466283984;4169115;;
599189981;8368010;9088441;
016223395;9024473;9643817;
911022196;552870;;
964881692;7499242;1476431;
010561804;6615435;;
246925470;9024473;5966397;
809416766;9051607;;
103721818;8948103;;
843805382;4024048;7451202;
887473157;4286301;;
404575918;8250741;5572295;
910575065;6730346;9897093;4118332
359308246;1984910;;
020192054;3074428;;
634789377;2247054;;
119030517;2696692;;
478992114;2242676;2502612;
486687213;8948103;7447126;
124468995;331250;152614;1984910
324532952;1866996;;
854949425;4024048;;
284099613;5801454;;
829053195;4666241;;
769425345;9813052;3359087;
768612029;4175443;;
624111281;7015458;;
041665783;996505;;
357201881;9873648;;
223159109;4355722;8368010;
569997582;7542300;;
238175396;4666241;;
551310588;7499242;;
889344908;1005647;;
684805312;1554376;;
143338099;1971413;;
370490951;3837015;7086540;9813052
551745972;7015458;6788106;
800349307;2553659;;
935748880;6615435;7838989;
985973763;2448933;;
478158093;5846757;;
423737814;9780720;552870;152614
318103680;5541214;;
832562135;2940993;9024473;4447776
671672913;4738768;;
491931105;7706124;4175443;4169115
936644870;4286301;4666241;1984910
269879146;3942349;4666241;
421992066;4118332;5007446;
442911626;2773385;;
528628225;7243800;;
576104340;4963933;;
292436748;3942349;;
122397087;4118332;1971413;
389891798;2553659;1052038;
132756990;9780720;;
749192104;1005647;;
732022145;5572295;;
041769235;4550408;1554376;2502612
965372479;6837984;;
649252968;1866996;;
586409576;6788106;;
214514641;2189238;;
540039908;9051607;5168890;5007446
352255547;4550408;7642810;
571152179;9038883;;
522501058;2669985;;
080671804;5966397;;
990921887;7250913;;
243357650;2350739;;
215367732;7798292;;
851058818;6788106;;
847777542;1816982;;
466704139;8368010;9780720;
562095389;2247054;;
989878486;5846757;;
194756905;4286301;;
785613370;2502612;4355722;
478959847;4355722;;
550599659;2448933;331250;
182399458;9989669;;
868390661;5695397;;
006902112;6612196;;
367949951;4175443;4169115;
285010930;684194;4447776;9024473
983997397;9643817;;
898752312;9897093;552870;996505
640050701;2050490;;
236587094;7447126;;
500592716;2696692;;
782297902;4024048;;
572518390;4447776;9051607;2350739
523796500;9024473;9051607;
541479039;7798292;;
190611137;3359087;;
834275120;52730;;
065727918;5007446;;
943966069;1052038;;
892040599;5168890;;
241474237;3510998;;
961076338;2189238;2921053;
925847018;1554376;2940993;
538966390;5695397;;
135869295;4665775;;
241530340;2940993;;
086952271;2655227;;
774808225;2565383;1005647;
431200136;9643817;;
933290112;5572295;2469513;
741461641;8948103;7086540;2502612
082543932;2189238;;
909526766;4557671;6788106;
734354754;9989669;;
683363295;4665775;;
569741211;4666241;;
379455795;3837015;;
065900791;6341777;7788837;
548893649;331250;;
668403063;7250913;1554376;996505
381507111;7482912;552870;
620077186;9024473;;
607439731;7499242;52730;
902645688;2247054;;
501548337;9643817;;
444557486;9643817;;
963497243;7788837;;
960815727;2553659;2469513;
851227515;6615435;3109031;
486897706;3837015;2350739;
781629739;3074428;;
508426490;6159884;;
933136321;1052038;;
854434770;4355722;;
913270626;4118332;6159884;
324598778;2921053;;
257148770;1971413;;
011014044;2189238;;
935140976;8368010;5792300;
296563677;1476431;;
378113989;4169115;;
341803018;4118332;;
235805865;7451202;8948103;9038883
406629972;2310611;;
082810005;2669985;;
547867772;9022757;7451202;4652599
760100217;3359087;4652599;
248784381;9088441;9780720;
093085326;2696692;;
846094874;8368010;2940993;
398700806;9873648;1809300;
210351207;52730;4557671;
611112884;4169115;;
816601022;1971413;;
070698351;1984910;6730346;
182828249;7838989;2669985;
324650138;2077835;;
127352197;1866996;9088441;
435818540;4550408;7657964;
150374162;1005647;;
228561406;6730346;;
715981952;2469513;;
748233865;7086540;4652599;
811945623;6341777;2310611;
091857952;4447776;152614;6612196
063688540;6960602;;
956878058;2077835;;
643936460;6612196;;
088243251;7086540;9088441;
840050750;5894933;;
881506210;1115421;5695397;7451202
755953851;3074428;;
965973015;9873648;;
008498697;7642810;;
517469470;2189238;;
446557384;9873648;1115421;7706124
870294678;4447776;;
798181950;5572295;1554376;
874790757;3109031;;
096635609;7447126;;
323072592;2655227;6341777;3510998
959093956;6159884;4355722;
033647940;1115421;;
612708774;3510998;2242676;
213004273;9873648;;
337239841;9897093;;
307155640;9088441;;
912800874;2189238;;
042118966;4652599;;
768665976;2077835;;
446436032;4118332;;
953071698;6960602;9088441;
792850445;1866996;4355722;
529206710;552870;;
600335951;7788837;;
872938740;8948103;;
040973217;6615435;3109031;9813052
569975146;4665775;8368010;
602408426;5007446;;
709466793;2469513;;
060251056;7657964;3837015;
479357136;1866996;5894933;
164464154;9024473;;
352328697;2077835;7015458;9710873
157562617;996505;2469513;152614
877542727;5007446;1115421;
750336162;684194;;
718570798;2242676;4963933;
517186859;7542300;;
815292176;2696692;;
870295287;7706124;;
133716232;3510998;1984910;
354063035;9873648;7706124;
648399962;7798292;2696692;5792300
418956741;7838989;2773385;
204265606;5572295;;
056227846;7243800;9024473;
295629578;5801454;;
568270059;7482912;;
908818840;4175443;9813052;
181584293;1984910;3824444;
275131515;7451202;;
002355075;9897093;5846757;
423475115;1476431;;
437358613;552870;;
948468670;2565383;7482912;
610825122;7642810;;
312723329;3942349;6159884;
170282926;152614;;
019062194;52730;4169115;
473859009;9038883;;
369376161;8266482;;
828040953;2655227;7086540;
115171925;5541214;;
268991417;9873648;;
632618641;5541214;1866996;
045687489;9643817;;
181157686;152614;;
771953207;552870;4355722;
038765671;3109031;;
522316167;9022757;;
689904136;2883136;7451202;
238131247;7788837;;
291642415;8266482;;
420600070;8250741;9022757;
125258004;6788106;;
909734121;7788837;;
062234866;1554376;7086540;
253494694;3942349;;
102949733;9780720;;
933740355;3837015;5846757;
155464585;7788837;;
732536518;331250;;
986267147;1809300;;
538661297;7642810;2655227;2502612
809539149;9643817;;
817369774;2242676;7250913;
891399770;5168890;;
351185520;4550408;;
726330537;2247054;4666241;8948103
458263132;2050490;;
682352342;3109031;5894933;9643817
261093958;5168890;9038883;
665915790;9022757;1866996;
044786891;8266482;;
962228474;8250741;6788106;1115421
185736455;9989669;5007446;
173676587;2077835;;
556201801;7642810;;
480467855;5695397;2502612;
566816414;2077835;;
144361480;2189238;;
945506831;4355722;5846757;3109031
935537444;7657964;;
030216462;2077835;6615435;
734821377;2189238;;
541389762;2247054;984300;
210287023;3837015;;
994014935;2448933;;
095992010;6341777;5894933;4738768
073736794;3510998;9813052;2502612
344437276;3942349;;
477503648;7542300;4447776;
010530107;4286301;;
945747751;3510998;;
029302821;7250913;;
027079353;6730346;2696692;
892741425;2553659;;
713595421;2655227;7798292;
745092060;2921053;2553659;
147749483;3074428;;
256842801;7788837;5572295;996505
221925737;9897093;;
254002416;9024473;;
745285119;7642810;;
873253596;684194;;
612544799;8368010;;
179792560;4169115;;
764592111;984300;4355722;
030317314;2553659;;
935179743;1816982;;
304737296;8948103;;
088091103;9038883;;
829971613;2469513;;
174690561;7788837;;
571863518;3942349;;
553819068;152614;3942349;
497593530;6341777;1809300;
069919939;3510998;;
500212332;5966397;;
454177480;9989669;;
708879687;5168890;;
295986591;4652599;;
611506036;8250741;3510998;
993099280;152614;5695397;
987162743;52730;5541214;9873648
562060980;2077835;2242676;
620233979;2448933;;
553277736;3359087;;
742687706;7086540;;
355914213;2565383;;
001538139;7838989;3109031;4175443
746690520;4024048;2883136;2247054
359850343;9873648;6837984;
432322759;8250741;;
029257567;3074428;;
481342038;2469513;2696692;
954712899;8368010;;
616733498;9989669;;
502049676;4557671;;
468990344;7706124;8948103;
082434326;8948103;;
176202689;3359087;;
621081942;6159884;;
548202987;4557671;;
174952338;2883136;;
748501154;4550408;;
691456237;9024473;;
763008527;6730346;;
296310045;2247054;7542300;
385067666;2448933;;
432546784;4169115;2553659;
605693843;2448933;;
453890274;4550408;9873648;
360780692;2469513;9813052;
057428336;4557671;;
818208159;6960602;;
071537854;2553659;;
183014157;4447776;4286301;
646815581;984300;;
553824038;5894933;;
082507980;3824444;;
358483041;684194;;
098693133;9989669;;
782485856;534353;4175443;4665775
820874319;9643817;;
531963090;6341777;;
025905725;2940993;9022757;
200256721;2050490;;
811602443;5801454;;
309931005;2921053;;
181976168;9897093;;
876687422;6159884;984300;7086540
401806443;2247054;4550408;
541874105;2502612;;
941117353;9989669;2696692;
979304048;3109031;;
160912491;7657964;;
796434785;3942349;;
290094489;5792300;5801454;
933646685;7642810;3109031;8463221
389532707;4652599;;
482885149;4550408;;
809476271;6960602;;
551765657;6960602;7788837;
429513526;2469513;;
227459960;152614;;
250806537;3359087;8368010;
591689447;1866996;;
351266293;4024048;;
124401332;4175443;;
735469031;2773385;3872004;
846746783;3872004;;
204480751;2077835;;
026633023;9051607;5572295;
990952823;3872004;;
282185078;2921053;;
839631150;6730346;331250;
441464710;9710873;9873648;
223546571;4652599;2921053;
268902045;9710873;;
786386128;2502612;;
527337163;534353;;
695409641;6788106;9813052;
148865226;3824444;;
047532733;4666241;;
644311199;7482912;7447126;
318064530;2669985;;
219781930;152614;;
417259250;5894933;;
520041631;4286301;;
866917756;331250;;
371468977;4447776;2242676;
384904449;3837015;9088441;9813052
915511932;2448933;9710873;
927461348;4118332;;
172768039;3359087;;
149199183;8250741;;
577648268;5695397;;
877186761;6788106;;
463453887;7642810;;
259568884;9088441;;
282215697;1476431;4666241;9873648
744074174;2242676;;
429230417;1816982;9989669;
419320508;9873648;684194;1554376
644509248;7788837;;
525133942;7243800;;
028079090;152614;7451202;
217386630;9051607;1809300;
522476805;1816982;7243800;
959846583;7657964;;
169609169;1115421;;
254684979;7642810;2077835;
725959862;9710873;;
446251350;7642810;7451202;
030981253;552870;4652599;
801339722;7015458;7447126;
329647501;5007446;;
887350030;1115421;6960602;
588428864;2469513;7482912;
479563377;4738768;;
798984017;7838989;2696692;4118332
636667227;9989669;;
986778706;1476431;;
012524947;7086540;7706124;
831291253;984300;9022757;
993599672;5966397;;
995972294;9710873;5168890;2242676
388485097;2077835;;
659913690;5541214;;
375753600;1809300;;
451663956;9643817;;
804453879;9780720;;
206361176;4557671;;
232861646;7542300;;
540590441;7482912;7838989;984300
182196671;4286301;4652599;
466777652;3074428;;
223158883;2350739;7657964;2655227
517457453;7657964;5846757;8368010
416380162;4118332;;
216660590;6159884;2189238;
413014297;8250741;5007446;
713100278;8266482;;
009363935;2310611;;
287023410;4652599;;
486197553;5966397;9710873;
761592363;684194;;
425233353;1809300;;
977846206;2310611;;
521207957;5007446;;
729592623;7657964;;
393947900;9088441;;
769780998;2553659;;
286959740;8948103;;
656746165;2189238;;
079028189;3942349;;
264131683;2940993;;
695435068;9024473;6730346;
529363408;9710873;4118332;2553659
242666225;9989669;;
095095056;2565383;;
158331833;6159884;7542300;
871285643;3510998;;
443456211;152614;7788837;
364216390;7657964;;
564052623;2350739;;
412979401;7542300;;
777528943;331250;7642810;
389163350;8463221;4447776;
303051199;4024048;3510998;4738768
522745586;2565383;;
248451677;1554376;;
910125222;7798292;;
185865961;7499242;;
828371261;9710873;;
865740778;2773385;684194;
874183155;3824444;6159884;
710391639;1809300;7542300;
675469586;2553659;;
356930941;7657964;;
715940002;6612196;9710873;
783326601;5792300;;
541654306;5966397;;
490033415;3510998;;
006074529;2773385;;
627631894;7642810;6341777;
916606570;8368010;1866996;
970964490;6960602;;
440512517;7086540;1052038;
568066666;4024048;;
628877624;534353;;
965742231;6837984;9780720;9710873
070883458;3510998;;
009664011;5168890;;
772069310;2553659;6788106;2448933
302775949;2448933;;
611888669;1809300;8463221;1115180
296383521;6730346;9989669;
358981231;2502612;1984910;
346311857;7482912;;
491214414;3872004;;
870149989;1554376;4355722;
807410121;5792300;3942349;
603933205;331250;;
690542091;2247054;;
211603093;2448933;;
131361310;9643817;;
987381724;4652599;3510998;
588020041;7447126;;
685331977;4665775;534353;
401286555;6788106;5801454;
716663631;4169115;;
268532446;4550408;;
122849410;6612196;7657964;
711423168;1984910;2077835;
443908370;1052038;4447776;
918885003;6615435;;
666606404;9038883;;
081338295;7798292;2921053;
809214819;3109031;4738768;
464123769;1476431;;
028681398;7788837;;
320420558;2050490;4355722;
551603930;1115180;;
597691659;8266482;7706124;1554376
442291934;6159884;;
401334373;52730;;
918501197;1984910;;
986211024;9643817;;
430333557;2448933;2921053;
486872101;2189238;8463221;
487489858;8368010;;
476146015;7838989;7451202;
593233336;6615435;;
083969368;6341777;5966397;
596676444;8948103;;
701366382;2553659;984300;552870
035123347;6960602;;
364735446;7542300;;
016003509;2050490;;
455595759;2350739;;
575758036;9051607;2655227;
532090263;9022757;;
370255216;6837984;;
459555307;8368010;;
324807073;5007446;4355722;
036207838;9813052;;
646268962;8368010;;
412965496;7642810;;
712424777;1115180;;
262326622;4666241;5572295;
744083642;552870;2469513;
489721154;9051607;6615435;
930303262;9643817;3872004;
139680951;7642810;;
618049773;684194;4550408;
709669695;9643817;;
455366274;7642810;;
960527239;8250741;;
452653646;1476431;;
547292401;2469513;;
247729422;152614;;
585521937;1115421;7015458;
411946689;5572295;3359087;
762369519;3359087;;
508470853;3510998;;
006414947;6730346;4557671;
474796983;7642810;;
786427765;2921053;;
076135238;6612196;;
414671036;2242676;;
897317067;8463221;;
688288068;9024473;;
528713953;2773385;1809300;
093756637;1554376;2469513;2350739
054495348;3074428;2921053;
593837005;4447776;2310611;2310611
159995275;2050490;331250;
461085567;1971413;534353;
139486900;552870;8463221;
860566612;2669985;9051607;
525652892;3837015;6837984;
705966736;7499242;1115421;1476431
209787769;7642810;;
927828112;4118332;1115180;
944633123;4652599;5801454;
755625177;4652599;;
259081237;9710873;;
166365352;7788837;6615435;4665775
041699176;7542300;;
685441897;9897093;;
994782466;9710873;7086540;
463749309;2310611;1809300;
391320604;8948103;;
914800481;5792300;8266482;
171565061;4175443;996505;
733573502;2189238;;
459347102;3510998;;
018079453;9873648;;
003985332;5572295;;
327570277;5894933;2189238;
044351170;7838989;552870;4550408
674915622;1115421;;
513909961;3109031;4738768;
124411925;3359087;2247054;7086540
912362008;1052038;3837015;
703968580;7243800;;
425407400;4550408;;
578249383;8948103;;
073653881;9897093;6612196;
644623333;534353;152614;
291686267;1971413;2773385;
885028744;1115421;;
084977605;9813052;2565383;2242676
983872306;4550408;;
891642916;2077835;;
185279853;2077835;;
412857379;9051607;;
123008747;1984910;;
523339452;7086540;;
590796549;4118332;;
401430899;7642810;;
424074707;9022757;;
659070552;4652599;1052038;
133534440;9873648;;
573554735;4665775;6612196;
207400770;4118332;;
771662537;5792300;;
737385863;552870;;
767182361;7542300;;
579995352;7657964;;
822610922;3942349;;
471889805;4738768;;
775801732;7451202;;
960260071;2940993;5894933;7499242
563554649;7451202;;
329046351;7657964;5007446;
763898277;684194;;
553334081;5541214;;
964630072;1052038;1005647;
804638092;9813052;5966397;
951448341;5541214;;
925694540;7642810;;
760625934;2553659;;
168656603;2773385;;
323731598;7451202;;
457920573;1052038;;
715756596;4652599;;
070176117;5846757;684194;
533446569;9989669;;
348868134;7798292;7086540;
188200700;9813052;;
259821198;2655227;;
818979400;2921053;;
383098201;4355722;;
976553717;5695397;5966397;
658706866;1052038;;
964826785;7243800;3872004;7250913
716597837;1476431;;
263645878;5966397;;
808724025;5966397;;
344733756;1005647;8266482;6730346
636409416;9873648;4652599;552870
282544631;5846757;;
594977049;9897093;;
007652962;7015458;3824444;
247723472;1005647;6159884;
874489380;7243800;;
654676036;9873648;;
616316799;3824444;1554376;8250741
682097356;6341777;5572295;
030136761;6837984;;
439396075;4550408;5966397;
149972011;7838989;;
226385673;5695397;;
682918566;6960602;;
704382171;2655227;1971413;
224565224;3109031;;
090049608;7015458;4169115;534353
009036654;6730346;8948103;
007284199;2189238;7657964;
656902803;1809300;;
194853518;9643817;;
548985412;7243800;;
605743235;7086540;;
228730064;2242676;;
935856250;1866996;;
672310986;984300;4024048;
313176113;1816982;;
313588204;8948103;;
107257219;9989669;;
131997691;6612196;8266482;
753997197;3074428;;
035337237;7542300;;
823230506;7015458;5695397;
345471900;2921053;;
298102275;2655227;1476431;
004262313;331250;;
775673191;2502612;;
179611009;9024473;4652599;2669985
237745845;4665775;2247054;7250913
465977951;6730346;;
470688565;6960602;;
293332627;4118332;2502612;
490099534;984300;;
672104908;52730;3824444;
244925426;2883136;;
697751386;7243800;9022757;6730346
057471835;3942349;1476431;
344620383;5168890;6837984;
376741474;2773385;;
466705663;5007446;1971413;8368010
805161359;1554376;;
393754839;5572295;;
896058696;6612196;;
343215927;1554376;152614;
877092857;4355722;;
031205601;9813052;5572295;
735439917;9088441;;
535013101;9051607;;
889517719;5966397;;
950218445;9989669;;
141749012;7015458;;
460577339;9710873;3359087;
637535742;331250;;
685891646;7243800;;
084017808;2696692;;
983572581;9989669;;
780379556;1476431;7798292;
298826191;4355722;;
016343625;6159884;;
125852932;4355722;;
643552988;2189238;;
621545123;2696692;4666241;1052038
048025432;5792300;4963933;5894933
557245764;9813052;;
935006602;6615435;331250;2469513
148741523;5801454;;
733689780;5966397;;
834279039;2077835;;
177991514;8250741;;
048879259;7798292;;
478250956;1984910;7798292;
458554286;9710873;5695397;
881326443;1809300;996505;
973861553;7015458;;
052476203;2553659;;
196739608;2773385;;
299038863;7482912;5572295;4286301
436564446;534353;;
580455184;6837984;7243800;
950790729;4286301;;
432124942;1005647;;
416071213;1554376;;
023523052;4963933;;
804722212;2565383;;
247942660;2883136;3109031;
772237769;5007446;7657964;6730346
217821561;4550408;;
994748696;52730;;
126478578;9038883;7798292;9710873
049564238;4738768;8250741;
925765420;6788106;;
034419632;4665775;2469513;
626201541;4286301;;
589845996;9088441;;
427270618;9051607;;
831499766;5801454;;
022511692;331250;1052038;9022757
212824317;1052038;2655227;
601133475;4557671;;
340154059;2655227;;
881057626;984300;2469513;5168890
364896523;4286301;2310611;
257502702;8948103;;
682782276;4665775;7788837;2565383
780479752;3942349;6341777;6788106
710376205;6612196;534353;
699638993;7451202;2553659;
133784002;8948103;9088441;
311716549;7788837;;
158646618;7447126;8368010;2077835
790453631;2310611;;
676733014;996505;9022757;
244885962;7798292;;
482604954;1005647;;
707611167;3872004;;
420070825;552870;6730346;
727134103;2242676;;
282695254;8368010;;
459540419;3359087;;
674701843;7788837;;
095445629;7447126;;
185284544;7788837;9038883;
856154993;3510998;;
111916202;6730346;3824444;
827503372;7243800;;
460740523;8948103;;
617949382;9051607;;
651093127;2502612;1809300;9897093
439769995;4550408;2669985;
091944226;6788106;;
905483862;1866996;;
721098202;2655227;;
184278555;5541214;9813052;
664712602;9813052;;
934919334;4286301;7499242;
600474078;8463221;1115421;2696692
765290884;552870;;
299022406;4024048;;
936830043;4169115;;
015733893;4557671;;
173091498;2350739;4355722;
176371445;7451202;;
335571735;5894933;;
845185583;1971413;;
910155347;2050490;1115180;
200240608;1984910;2502612;1816982
455730334;2077835;7482912;
692995685;1866996;4355722;
763616897;7542300;;
161830711;2773385;;
796540935;2565383;5966397;
271999371;4286301;;
170144731;2189238;;
539889244;7798292;4355722;
977383209;7706124;;
381031942;4355722;;
328675415;6837984;;
945564366;9038883;;
865260315;2940993;;
250113220;2242676;;
219936903;7706124;;
666049543;5541214;;
661077616;2940993;2502612;
359283611;3824444;;
721035935;5894933;2696692;
555297562;9897093;;
658265990;2050490;;
717819856;4118332;;
817745351;5966397;;
211094562;2921053;;
785359661;2655227;;
010855809;3942349;7015458;
795742533;7642810;9710873;
661834088;4447776;;
775314691;4665775;5541214;
552764886;7788837;;
361309119;4738768;;
317437827;2773385;;
410196907;2921053;7657964;
947391326;9022757;;
254714685;7838989;;
624659223;1809300;;
017129828;7788837;;
108548387;4652599;;
820176916;7447126;6960602;2565383
853408282;7838989;;
413347429;2669985;;
919901998;4557671;7838989;
324804478;9643817;;
343379367;7451202;;
624627450;7788837;;
884407496;6837984;;
183392518;3074428;;
443707321;52730;;
131067209;8266482;5894933;
067665451;2940993;;
825953665;7499242;;
221520882;984300;;
281224720;5572295;4118332;534353
853644687;1005647;;
688726385;7838989;;
702732563;1809300;;
522075752;1971413;;
231390332;4286301;3510998;
710447546;9088441;7706124;7838989
780078007;4665775;684194;
462383530;7642810;;
789164145;1809300;7243800;
282778247;6788106;;
774803574;9873648;2502612;
675684127;7798292;6960602;1005647
124517387;4118332;4963933;
359238681;8368010;;
964266892;1005647;;
460360263;6837984;2469513;
674903125;9088441;;
721274496;684194;7451202;1115180
928704624;7015458;;
477789194;1984910;9897093;
272382015;7838989;;
122985787;996505;1476431;
386020443;4286301;;
737614067;8948103;3074428;4169115
168520452;4169115;;
113721816;9088441;7798292;1809300
880544093;1052038;1115180;7015458
084763910;984300;;
430905067;8266482;;
066478260;7086540;;
115315818;2655227;;
370863660;4447776;;
159694861;4175443;4557671;2669985
409455539;2189238;3359087;
528889437;152614;;
440229102;52730;2565383;
918058995;3824444;9024473;
615675457;2077835;5541214;
316347412;3824444;;
994747971;6159884;;
554198475;6159884;;
830272515;9897093;;
750339162;1005647;2696692;
979827002;2247054;5168890;
429224715;4286301;;
849278360;8368010;;
648416697;7499242;;
005045375;152614;2077835;
469032067;7657964;;
117085875;5572295;;
359320331;9088441;5572295;
250983304;2940993;4355722;
387621163;996505;;
029338409;7499242;2350739;
974015927;4666241;2553659;984300
149348383;8463221;4355722;
021366130;331250;;
940959433;9710873;;
137178747;9710873;8266482;
714340891;7015458;3824444;
230912155;7706124;;
675601658;1554376;;
274021832;3510998;3109031;7015458
780516374;7086540;;
101557545;9643817;;
215323090;2247054;;
649100968;8368010;3837015;
485564076;2565383;;
685009779;7542300;2565383;2502612
445686980;6612196;1554376;
352627068;6788106;;
039788129;6615435;;
594348077;3942349;;
202562061;2655227;5572295;
601109774;2773385;;
609624104;7642810;;
015701953;534353;4963933;
928489541;8463221;;
078391648;2502612;;
984610986;7015458;7706124;
568682777;6837984;;
295779666;9873648;7542300;
541670953;2655227;4024048;9873648
275551961;7447126;;
630644645;9022757;;
431372430;4666241;4447776;
585916345;4447776;7642810;2696692
501347468;6730346;1554376;
316744115;4665775;8250741;
943591272;331250;;
291087442;3872004;534353;
046192586;9088441;;
158904182;2565383;;
333816749;4963933;5792300;
355327034;3074428;1816982;6612196
250135864;1115421;;
029191239;4118332;2883136;
057580184;6788106;7838989;5007446
023716896;152614;;
261556706;2669985;;
411089221;1809300;;
993234584;6612196;;
370995249;552870;;
314641152;534353;1052038;
831041791;4665775;7499242;
976142307;2669985;;
186115194;8266482;2469513;
981231146;1971413;;
303185228;6341777;;
486391543;9038883;;
700675784;984300;5966397;
174080217;7657964;;
922765206;5792300;;
029829029;7015458;1005647;
625101659;3359087;5894933;4963933
333268344;9022757;5846757;
617535283;6960602;4118332;
060731848;9780720;;
854051632;1816982;;
193422627;9897093;5541214;2310611
620850541;2242676;5801454;5168890
118657274;7838989;;
804718472;2189238;;
186264892;1052038;;
852759061;4738768;;
823632932;52730;;
901989653;5168890;;
149207048;9989669;;
595186880;5801454;;
304610752;4447776;;
669263179;1005647;;
205385862;9022757;;
015111833;3942349;4169115;1115180
281770154;5695397;;
368773354;9897093;;
804320778;1554376;;
973704233;2696692;3359087;7798292
349577761;9710873;6615435;7086540
933676765;4118332;;
436243488;5168890;;
490823037;4550408;;
053734555;5007446;;
130845111;9897093;6730346;
446936971;6788106;;
731852501;2921053;;
658121146;1816982;;
178336233;9873648;2940993;
494129497;7542300;;
319817476;3510998;;
575443702;9873648;;
096817316;1052038;;
766603679;1554376;;
095574935;1554376;;
936012684;7542300;8463221;
879278656;2773385;5894933;
088092997;4665775;;
507598336;3872004;;
114589743;5846757;3872004;2773385
044748994;1005647;;
353293332;7243800;;
220525485;3824444;;
618398884;5792300;;
419907047;1476431;7642810;
351380517;4557671;;
962848501;9989669;;
221966042;7243800;;
253197772;1005647;;
981768987;2077835;;
587127522;8463221;9710873;
610630040;8948103;;
225899739;3109031;;
709609470;1809300;2050490;3942349
954561375;4652599;;
762184203;9088441;152614;
475992311;3109031;;
584615189;1984910;5695397;
150142127;1971413;;
106619235;1809300;;
409217855;4118332;;
520833475;7086540;2310611;
064311411;7657964;;
443118254;4557671;4550408;
106716114;5792300;;
081643764;2921053;;
974122825;5894933;4355722;
605157504;7086540;;
610488585;534353;2553659;
159595623;9038883;;
869176563;1115421;;
704366735;2502612;;
138829038;7788837;6788106;1809300
016253554;4665775;;
198151697;3872004;;
854652357;6341777;;
567175155;3942349;;
658366687;152614;6788106;
057242763;5168890;7542300;
600758407;9813052;;
344824943;7788837;;
739702457;1984910;2773385;1476431
260322002;684194;;
408256826;9989669;1809300;1005647
284417353;1476431;;
824984750;5572295;;
962337925;7642810;;
949303922;9024473;;
131541410;5801454;2883136;
145853928;6730346;4355722;
968796410;3824444;;
316303880;1476431;9051607;
078222425;984300;;
963436194;8266482;;
047594135;7706124;;
990489830;2350739;;
933052368;9038883;;
185090652;8463221;;
530351173;2350739;;
695874053;7798292;;
813406322;684194;;
110791225;7243800;;
445212636;2242676;7447126;
528089552;8948103;;
519466046;4665775;2940993;
330929079;2921053;;
574122608;1971413;;
718886409;2247054;;
111539428;4175443;;
225810982;3824444;7499242;7447126
423236731;3942349;;
195563143;331250;1554376;
421543595;2502612;;
588177355;8250741;;
778829590;3872004;2940993;8948103
421661686;4169115;;
461056739;8266482;;
017196689;1115421;;
632338269;7482912;;
255712326;4738768;;
273843712;4355722;;
242687925;4118332;;
986482664;2448933;9873648;
352577539;2050490;;
786152587;6837984;;
950173299;4652599;2883136;
493435254;9022757;;
195716988;2077835;;
625577617;3510998;7086540;
308391509;2350739;;
275786598;2502612;6159884;
305243687;2189238;;
080769184;1476431;;
141557465;996505;7798292;
250187418;2655227;;
839402762;6960602;;
874474854;2696692;2565383;
510368450;52730;;
278977401;1554376;3872004;
161622749;5007446;;
018739042;6730346;5846757;5966397
464491572;4118332;6788106;
957994969;2350739;;
244064908;8368010;;
917390175;1984910;7015458;
075500135;684194;;
328870081;9038883;;
026377890;5792300;;
640976813;2883136;;
983328009;1115421;1476431;
178479585;4738768;8250741;1005647
915777372;3074428;;
582770743;5541214;3872004;
632435874;4169115;;
052033776;3872004;152614;
193217315;4652599;;
172492322;4652599;;
260779401;3824444;;
451287774;6615435;;
803826384;7642810;4286301;9022757
822896116;5572295;;
579768048;9024473;;
976564327;1984910;;
288253469;6837984;;
945074544;9038883;;
619821654;6612196;;
159236768;9024473;2553659;
550940861;1476431;;
117635171;4652599;9643817;
194855337;331250;;
547455801;7788837;;
889557559;2553659;;
677020593;7086540;;
749226690;2883136;;
114231623;2050490;8368010;
293820729;4355722;;
104230078;4355722;8463221;2350739
248367167;5695397;;
066963460;9989669;;
679442546;4169115;;
940091835;2565383;1984910;
073625439;2247054;;
318562528;8250741;;
996541103;6615435;;
437624302;2502612;8948103;
144183642;2469513;;
444363810;1984910;152614;
731557409;9088441;;
615530713;7499242;;
884518777;2773385;;
921809136;534353;;
165667035;2469513;;
948929803;4550408;;
040545623;9643817;;
214850687;2502612;;
304933041;5894933;;
239726934;3872004;3074428;
029270477;7706124;;
879328077;9780720;9710873;
569022618;8368010;2050490;
314677602;4738768;3872004;
971239813;7482912;;
827054261;552870;2921053;
045573314;2565383;5572295;
228745534;6612196;552870;
573222316;9710873;;
786413691;4738768;;
255914407;5572295;;
125319006;9051607;4550408;
316300725;3510998;;
873383280;3837015;;
248976329;5966397;5966397;
576084390;4169115;2077835;
428747437;2773385;;
385110655;4175443;;
993489288;3359087;6730346;
164390826;2242676;1115180;
926298583;2773385;;
625175470;2350739;;
872365392;552870;1984910;2565383
030189424;8266482;;
267248135;1005647;;
450826546;9088441;;
801037760;1052038;;
515777688;3872004;;
448376677;1809300;;
379311060;9873648;52730;9897093
610789983;4963933;;
154091266;4557671;5801454;
574281349;4169115;;
566873094;9088441;;
611060841;5792300;;
855078901;4550408;;
381508816;2883136;684194;
717663367;534353;;
127323233;7447126;9643817;
643804430;7015458;;
901680304;2883136;;
552069972;4738768;684194;4169115
408612183;8250741;1005647;
725171229;152614;;
026224680;1971413;;
824588700;5801454;2448933;52730
